<?xml version="1.0" encoding="UTF-8"?>
<configuration>

	<property name="LOGS" value="/mount_log/productrate" />
	<appender name="RollingFile"
		class="ch.qos.logback.core.rolling.RollingFileAppender">
		<file>${LOGS}/productrate.log</file>
		<encoder class="ch.qos.logback.classic.encoder.PatternLayoutEncoder">
			<Pattern>%d %p %C{1.} [%t] %m%n</Pattern>
		</encoder>

		<rollingPolicy class="ch.qos.logback.core.rolling.TimeBasedRollingPolicy">
			<!-- rollover daily and when the file reaches 10 MegaBytes -->
			<fileNamePattern>${LOGS}/productrate-%d{yyyy-MM-dd}.%i.log
			</fileNamePattern>
			<timeBasedFileNamingAndTriggeringPolicy
				class="ch.qos.logback.core.rolling.SizeAndTimeBasedFNATP">
				<maxFileSize>10MB</maxFileSize>
			</timeBasedFileNamingAndTriggeringPolicy>
		</rollingPolicy>
	</appender>
	<appender name="STDOUT" class="ch.qos.logback.core.ConsoleAppender">
		<encoder>
			<pattern>%d{HH:mm:ss.SSS} [%thread] %-5level %logger{36} - %msg%n
			</pattern>
		</encoder>
	</appender>
	<appender name="ASYNC_STDOUT" class="ch.qos.logback.classic.AsyncAppender">
		<discardingThreshold>0</discardingThreshold> <!-- default 20, means drop lower event when has 20% capacity remaining -->
		<appender-ref ref="STDOUT" />
		<queueSize>3</queueSize> <!-- default 256 -->
		<includeCallerData>false</includeCallerData><!-- default false -->
		<neverBlock>false</neverBlock><!-- default false, set to true to cause 
			the Appender not block the application and just drop the messages -->
	</appender>
	<appender name="ASYNC_FILE" class="ch.qos.logback.classic.AsyncAppender">
		<discardingThreshold>0</discardingThreshold> <!-- default 20, means drop lower event when has 20% capacity remaining -->
		<appender-ref ref="RollingFile" />
		<queueSize>3</queueSize> <!-- default 256 -->
		<includeCallerData>false</includeCallerData><!-- default false -->
		<neverBlock>false</neverBlock><!-- default false, set to true to cause 
			the Appender not block the application and just drop the messages -->
	</appender>
	<!-- LOG everything at INFO level -->
	<root level="info">
		<appender-ref ref="ASYNC_FILE" />
		<appender-ref ref="ASYNC_STDOUT"/>
	</root>
	<logger name="org.springframework.web" level="error" additivity="false"
		includeLocation="true">
		<appender-ref ref="ASYNC_FILE" />
		<appender-ref ref="ASYNC_STDOUT"/>
	</logger>
	<logger name="org.hibernate" level="error" additivity="false"
		includeLocation="true">
		<appender-ref ref="ASYNC_FILE" />
		<appender-ref ref="ASYNC_STDOUT"/>
	</logger>
	<logger name="com.mli" level="debug" additivity="false"
		includeLocation="true">
		<appender-ref ref="ASYNC_FILE" />
		<appender-ref ref="ASYNC_STDOUT"/>
	</logger>

</configuration>