<?xml version="1.0" encoding="UTF-8"?>
<mappings xmlns="http://dozer.sourceforge.net" xmlns:xsi="http://www.w3.org/2001/XMLSchema-instance"
	xsi:schemaLocation="http://dozer.sourceforge.net
	          http://dozer.sourceforge.net/schema/beanmapping.xsd">
	
	<configuration>
		<stop-on-errors>true</stop-on-errors>
	</configuration>

	<mapping>
		<class-a>java.util.HashMap</class-a>
		<class-b>com.qc.api.response.mobdobproposals.ResponseMobDob</class-b>
		<field>
			<a key="key0">this</a>
			<b>proposalNumber</b>
		</field>
		<field>
			<a key="key1">this</a>
			<b>proposalStatus</b>
		</field>
		<field>
			<a key="key2">this</a>
			<b>proposalSatusDesc</b>
		</field>
		<field>
			<a key="key3">this</a>
			<b>planId</b>
		</field>
		<field>
			<a key="key4">this</a>
			<b>planName</b>
		</field>
		<field>
			<a key="key5">this</a>
			<b>proposalSubStatus</b>
		</field>
		<field>
			<a key="key6">this</a>
			<b>ProposalSubStatusDesc</b>
		</field>
		<field>
			<a key="key7">this</a>
			<b>onlineOfflineFlag</b>
		</field>
		<field>
			<a key="key8">this</a>
			<b>policyHolderName</b>
		</field>
		<field>
			<a key="key9">this</a>
			<b>issuanceDate</b>
		</field>
		<field>
			<a key="key10">this</a>
			<b>rejectionDate</b>
		</field>
		<field>
			<a key="key11">this</a>
			<b>mobileNo1</b>
		</field>
		<field>
			<a key="key12">this</a>
			<b>mobileNo2</b>
		</field>
		<field>
			<a key="key13">this</a>
			<b>dob</b>
		</field>
	</mapping>

	<mapping>
		<class-a>java.util.HashMap</class-a>
		<class-b>com.qc.api.response.proposalbasic.ResponseProposal</class-b>
		<field>
			<a key="key0">this</a>
			<b>proposalNumber</b>
		</field>
		<field>
			<a key="key1">this</a>
			<b>msa</b>
		</field>
		<field>
			<a key="key2">this</a>
			<b>fsa</b>
		</field>
		<field>
			<a key="key3">this</a>
			<b>sa</b>
		</field>
		<field>
			<a key="key4">this</a>
			<b>appRecdDt</b>
		</field>
		<field>
			<a key="key5">this</a>
			<b>uwUserId</b>
		</field>
		<field>
			<a key="key6">this</a>
			<b>uwName</b>
		</field>
		<field>
			<a key="key7">this</a>
			<b>uwDecn</b>
		</field>
		<field>
			<a key="key8">this</a>
			<b>modelPremium</b>
		</field>
		<field>
			<a key="key9">this</a>
			<b>revisedPremium</b>
		</field>
		<field>
			<a key="key10">this</a>
			<b>extraMortalityRate</b>
		</field>
		<field>
			<a key="key11">this</a>
			<b>flatExtra</b>
		</field>
		<field>
			<a key="key12">this</a>
			<b>flatExtraDuration</b>
		</field>
		<field>
			<a key="key13">this</a>
			<b>multExtra</b>
		</field>
		<field>
			<a key="key14">this</a>
			<b>coverageDecision</b>
		</field>
		<field>
			<a key="key15">this</a>
			<b>polCovTermCat</b>
		</field>
		<field>
			<a key="key16">this</a>
			<b>polPptNew</b>
		</field>
		<field>
			<a key="key17">this</a>
			<b>polInitialPremPay</b>
		</field>
		<field>
			<a key="key18">this</a>
			<b>polRenewalPremPay</b>
		</field>
		<field>
			<a key="key19">this</a>
			<b>proposerBankAccPst</b>
		</field>
		<field>
			<a key="key20">this</a>
			<b>proposerPanCardPst</b>
		</field>
		<field>
			<a key="key21">this</a>
			<b>ownVehicleFlg</b>
		</field>
		<field>
			<a key="key22">this</a>
			<b>vehicleTwoWhlrFlg</b>
		</field>
		<field>
			<a key="key23">this</a>
			<b>vehicleFourWhlrFlg</b>
		</field>
		<field>
			<a key="key24">this</a>
			<b>vehicleTwoWhlrPrice</b>
		</field>
		<field>
			<a key="key25">this</a>
			<b>vehicleFourWhlrPrice</b>
		</field>
		<field>
			<a key="key26">this</a>
			<b>proposerPayerFlg</b>
		</field>
		<field>
			<a key="key27">this</a>
			<b>riderTerm01</b>
		</field>
		<field>
			<a key="key28">this</a>
			<b>riderSa01</b>
		</field>
		<field>
			<a key="key29">this</a>
			<b>riderPrem01</b>
		</field>
		<field>
			<a key="key30">this</a>
			<b>riderServiceTax01</b>
		</field>
		<field>
			<a key="key31">this</a>
			<b>recalModPrem01</b>
		</field>
		<field>
			<a key="key32">this</a>
			<b>polCovTermCat01</b>
		</field>
		<field>
			<a key="key33">this</a>
			<b>riderTerm02</b>
		</field>
		<field>
			<a key="key34">this</a>
			<b>riderSa02</b>
		</field>
		<field>
			<a key="key35">this</a>
			<b>riderPrem02</b>
		</field>
		<field>
			<a key="key36">this</a>
			<b>riderServiceTax02</b>
		</field>
		<field>
			<a key="key37">this</a>
			<b>recalModPrem02</b>
		</field>
		<field>
			<a key="key38">this</a>
			<b>polCovTermCat02</b>
		</field>
		<field>
			<a key="key39">this</a>
			<b>riderTerm03</b>
		</field>
		<field>
			<a key="key40">this</a>
			<b>riderSa03</b>
		</field>
		<field>
			<a key="key41">this</a>
			<b>riderPrem03</b>
		</field>
		<field>
			<a key="key42">this</a>
			<b>riderServiceTax03</b>
		</field>
		<field>
			<a key="key43">this</a>
			<b>recalModPrem03</b>
		</field>
		<field>
			<a key="key44">this</a>
			<b>polCovTermCat03</b>
		</field>
		<field>
			<a key="key45">this</a>
			<b>riderTerm04</b>
		</field>
		<field>
			<a key="key46">this</a>
			<b>riderSa04</b>
		</field>
		<field>
			<a key="key47">this</a>
			<b>riderPrem04</b>
		</field>
		<field>
			<a key="key48">this</a>
			<b>riderServiceTax04</b>
		</field>
		<field>
			<a key="key49">this</a>
			<b>recalModPrem04</b>
		</field>
		<field>
			<a key="key50">this</a>
			<b>polCovTermCat04</b>
		</field>
		<field>
			<a key="key51">this</a>
			<b>riderTerm05</b>
		</field>
		<field>
			<a key="key52">this</a>
			<b>riderSa05</b>
		</field>
		<field>
			<a key="key53">this</a>
			<b>riderPrem05</b>
		</field>
		<field>
			<a key="key54">this</a>
			<b>riderServiceTax05</b>
		</field>
		<field>
			<a key="key55">this</a>
			<b>recalModPrem05</b>
		</field>
		<field>
			<a key="key56">this</a>
			<b>polCovTermCat05</b>
		</field>
		<field>
			<a key="key57">this</a>
			<b>mnylCustClassification</b>
		</field>
		<field>
			<a key="key58">this</a>
			<b>caseStatusCd</b>
		</field>
		<field>
			<a key="key59">this</a>
			<b>caseStatusDesc</b>
		</field>
		<field>
			<a key="key60">this</a>
			<b>goCodes</b>
		</field>
		<field>
			<a key="key61">this</a>
			<b>planId</b>
		</field>
		<field>
			<a key="key62">this</a>
			<b>plnNm</b>
		</field>
		<field>
			<a key="key63">this</a>
			<b>planCode</b>
		</field>
		<field>
			<a key="key64">this</a>
			<b>proposerCliId</b>
		</field>
		<field>
			<a key="key65">this</a>
			<b>l2BiCliId</b>
		</field>
		<field>
			<a key="key66">this</a>
			<b>nomineeClientId</b>
		</field>
		<field>
			<a key="key67">this</a>
			<b>polMode</b>
		</field>
		<field>
			<a key="key68">this</a>
			<b>polAfyp</b>
		</field>
		<field>
			<a key="key69">this</a>
			<b>polSa</b>
		</field>
		<field>
			<a key="key70">this</a>
			<b>polAdjAfyp</b>
		</field>
		<field>
			<a key="key71">this</a>
			<b>polAdjMfyp</b>
		</field>
		<field>
			<a key="key72">this</a>
			<b>polBasePremium</b>
		</field>
		<field>
			<a key="key73">this</a>
			<b>medNonmed</b>
		</field>
		<field>
			<a key="key74">this</a>
			<b>mnylAgentCd</b>
		</field>
		<field>
			<a key="key75">this</a>
			<b>insuredBirthDt</b>
		</field>
		<field>
			<a key="key76">this</a>
			<b>age</b>
		</field>
		<field>
			<a key="key77">this</a>
			<b>insuredGender</b>
		</field>
		<field>
			<a key="key78">this</a>
			<b>insuredMaritalSts</b>
		</field>
		<field>
			<a key="key79">this</a>
			<b>insuredEdu</b>
		</field>
		<field>
			<a key="key80">this</a>
			<b>insuredIndustry</b>
		</field>
		<field>
			<a key="key81">this</a>
			<b>insuredOccupation</b>
		</field>
		<field>
			<a key="key82">this</a>
			<b>l2BiRelNom</b>
		</field>
		<field>
			<a key="key83">this</a>
			<b>insuredRelNom</b>
		</field>
		<field>
			<a key="key84">this</a>
			<b>l2BiMliExactIncome</b>
		</field>
		<field>
			<a key="key85">this</a>
			<b>insuredAgeFlg</b>
		</field>
		<field>
			<a key="key86">this</a>
			<b>insuredIncomeFlg</b>
		</field>
		<field>
			<a key="key87">this</a>
			<b>customerId</b>
		</field>
		<field>
			<a key="key88">this</a>
			<b>insuredPepFlg</b>
		</field>
		<field>
			<a key="key89">this</a>
			<b>insuredSmokerFlg</b>
		</field>
		<field>
			<a key="key90">this</a>
			<b>counterOffer1</b>
		</field>
		<field>
			<a key="key91">this</a>
			<b>counterOffer2</b>
		</field>
		<field>
			<a key="key92">this</a>
			<b>counterOffer3</b>
		</field>
		<field>
			<a key="key93">this</a>
			<b>counterOffer4</b>
		</field>
		<field>
			<a key="key94">this</a>
			<b>customerSegment </b>
		</field>
		<field>
			<a key="key95">this</a>
			<b>workitimeCd</b>
		</field>
		<field>
			<a key="key96">this</a>
			<b>workitemDesc</b>
		</field>
		<field>
			<a key="key97">this</a>
			<b>cmntTxt</b>
		</field>
		<field>
			<a key="key98">this</a>
			<b>onlineOfflineFlag</b>
		</field>
		<field>
			<a key="key99">this</a>
			<b>policyHolderName</b>
		</field>
		<field>
			<a key="key100">this</a>
			<b>issuanceDate</b>
		</field>
		<field>
			<a key="key101">this</a>
			<b>rejectionDate</b>
		</field>
		<field>
			<a key="key102">this</a>
			<b>mobileNo1</b>
		</field>
		<field>
			<a key="key103">this</a>
			<b>mobileNo2</b>
		</field>
		<field>
			<a key="key104">this</a>
			<b>dob</b>
		</field>
	</mapping>
	<mapping>
		<class-a>java.util.HashMap</class-a>
		<class-b>com.qc.api.response.plandetailsv2.PlanDetailsV2</class-b>
		<field>
			<a key="key0">this</a>
			<b>planId</b>
		</field>
		<field>
			<a key="key1">this</a>
			<b>rhId</b>
		</field>
		<field>
			<a key="key2">this</a>
			<b>rtblID</b>
		</field>
		<field>
			<a key="key3">this</a>
			<b>rhBandAmt</b>
		</field>
		<field>
			<a key="key4">this</a>
			<b>rtblSexCd</b>
		</field>
		<field>
			<a key="key5">this</a>
			<b>rtblStblCd1</b>
		</field>
		<field>
			<a key="key6">this</a>
			<b>rtblStblCd2</b>
		</field>
		<field>
			<a key="key7">this</a>
			<b>rtblMatXpryDur</b>
		</field>
		<field>
			<a key="key8">this</a>
			<b>rtblAgeDur</b>
		</field>
		<field>
			<a key="key9">this</a>
			<b>rtblAge</b>
		</field>
		<field>
			<a key="key10">this</a>
			<b>variantId1</b>
		</field>
		<field>
			<a key="key11">this</a>
			<b>rate1</b>
		</field>
		<field>
			<a key="key12">this</a>
			<b>variantId2</b>
		</field>
		<field>
			<a key="key13">this</a>
			<b>rate2</b>
		</field>
		<field>
			<a key="key14">this</a>
			<b>variantId3</b>
		</field>
		<field>
			<a key="key15">this</a>
			<b>rate3</b>
		</field>
		<field>
			<a key="key16">this</a>
			<b>rtbl1Rt</b>
		</field>
	</mapping>
	<mapping>
		<class-a>com.qc.api.request.ReqHeader</class-a>
		<class-b>com.qc.api.response.ResHeader</class-b>
		<field>
			<a>soaMsgVersion</a>
			<b>soaMsgVersion</b>
		</field>
		<field>
			<a>soaAppId</a>
			<b>soaAppId</b>
		</field>
		<field>
			<a>soaCorrelationId</a>
			<b>soaCorrelationId</b>
		</field>
	</mapping>
	<mapping>
		<class-a>com.qc.api.posvbackflow2.MetaData</class-a>
		<class-b>com.qc.api.posvbackflow2.FinalMetaData</class-b>
		<field>
			<a>requestId</a>
			<b>requestId</b>
		</field>
		<field>
			<a>env</a>
			<b>env</b>
		</field>
	</mapping>
	<mapping>
		<class-a>java.util.HashMap</class-a>
		<class-b>com.qc.entity.PR_UpdatePlanPolicyNo</class-b>
		<field>
			<a key="key0">this</a>
			<b>ProposalCount</b>
		</field>
		<field>
			<a key="key1">this</a>
			<b>proposalNo</b>
		</field>
	</mapping>

	<!-- Ulip Mapping Start -->

	<mapping>
		<class-a>java.util.HashMap</class-a>
		<class-b>com.qc.api.response.getUlipFund.BasicPolicyData</class-b>
		<field>
			<a key="key0">this</a>
			<b>totalCharges</b>
		</field>
		<field>
			<a key="key1">this</a>
			<b>premium</b>
		</field>
		<field>
			<a key="key2">this</a>
			<b>totalPremium</b>
		</field>
		<field>
			<a key="key3">this</a>
			<b>policyNo</b>
		</field>
		<field>
			<a key="key4">this</a>
			<b>insuranceCover</b>
		</field>
		<field>
			<a key="key5">this</a>
			<b>mortalityCharges</b>
		</field>
		<field>
			<a key="key6">this</a>
			<b>portfolioValueLowerRate</b>
		</field>
		<field>
			<a key="key7">this</a>
			<b>fundsAllocated</b>
		</field>
		<field>
			<a key="key8">this</a>
			<b>premiumAllocationCharge</b>
		</field>
		<field>
			<a key="key9">this</a> 
			<b>gainLoss</b>
		</field>
		<field>
			<a key="key10">this</a>
			<b>otherCharges</b>
		</field>
		<field>
			<a key="key11">this</a>
			<b>switchCharge</b>
		</field>
		<field>
			<a key="key12">this</a>
			<b>product</b>
		</field>
		<field>
			<a key="key13">this</a>
			<b>uin</b>
		</field>
		<field>
			<a key="key14">this</a>
			<b>totalRiskPremium</b>
		</field>
		<field>
			<a key="key15">this</a>
			<b>commission</b>
		</field>
		<field>
			<a key="key16">this</a>
			<b>policyAdminstrationCharge</b>
		</field>
		<field>
			<a key="key17">this</a>
			<b>gst</b>
		</field>
		<field>
			<a key="key18">this</a>
			<b>portfolioValueUpperRate</b>
		</field>
		<field>
			<a key="key19">this</a>
			<b>taggingYear</b>
		</field>
		
	</mapping>

	<mapping>
		<class-a>java.util.HashMap</class-a>
		<class-b>com.qc.api.response.getUlipFund.TransactionHistory</class-b>
		<field>
			<a key="key0">this</a>
			<b>noOfFreeSwitchesAvailable</b>
		</field>
		<field>
			<a key="key1">this</a>
			<b>noOfRedirections</b>
		</field>
		<field>
			<a key="key2">this</a>
			<b>policyAnniversarydate</b>
		</field>
	</mapping>

	<mapping>
		<class-a>java.util.HashMap</class-a>
		<class-b>com.qc.api.response.getUlipFund.SwitchHistory</class-b>
		<field>
			<a key="key0">this</a>
			<b>switchYear</b>
		</field>
		<field>
			<a key="key1">this</a>
			<b>switchTranDate</b>
		</field>
		<field>
			<a key="key2">this</a>
			<b>fromFundName</b>
		</field>
		<field>
			<a key="key3">this</a>
			<b>toFundName</b>
		</field>
		<field>
			<a key="key4">this</a>
			<b>fromNav</b>
		</field>
		<field>
			<a key="key5">this</a>
			<b>toNav</b>
		</field>
		<field>
			<a key="key6">this</a>
			<b>chargePerTran</b>
		</field>
	</mapping>
	<mapping>
		<class-a>java.util.HashMap</class-a>
		<class-b>com.qc.api.response.getUlipFund.RedirectHistory</class-b>
		<field>
			<a key="key0">this</a>
			<b>redirectTranDate</b>
		</field>
		<field>
			<a key="key1">this</a>
			<b>redirectAllocationPercentage</b>
		</field>
		<field>
			<a key="key2">this</a>
			<b>redirectFundName</b>
		</field>
	</mapping>
	<mapping>
		<class-a>java.util.HashMap</class-a>
		<class-b>com.qc.api.response.getUlipFund.FundDetails</class-b>
		<field>
			<a key="key0">this</a>
			<b>fundCode</b>
		</field>
		<field>
			<a key="key1">this</a>
			<b>fundName</b>
		</field>
		<field>
			<a key="key2">this</a>
			<b>cumulativeUnits</b>
		</field>
		<field>
			<a key="key3">this</a>
			<b>valuePerUnit</b>
		</field>
		<field>
			<a key="key4">this</a>
			<b>productValue</b>
		</field>
		<field>
			<a key="key5">this</a>
			<b>percentAllocation</b>
		</field>
		<field>
			<a key="key6">this</a>
			<b>switchInUnits</b>
		</field>
		<field>
			<a key="key7">this</a>
			<b>switchOutUnits</b>
		</field>
		<field>
			<a key="key8">this</a>
			<b>withdrawlUnits</b>
		</field>
		<field>
			<a key="key9">this</a>
			<b>totalAmountInvested</b>
		</field>
	</mapping>
	<mapping>
		<class-a>java.util.HashMap</class-a>
		<class-b>com.qc.api.response.getUlipFund.PremiumDepositHistory
		</class-b>
		<field>
			<a key="key0">this</a>
			<b>premiumDepositYear</b>
		</field>
		<field>
			<a key="key1">this</a>
			<b>premiumPaymentReceivedDate</b>
		</field>
		<field>
			<a key="key2">this</a>
			<b>totalPremiumReceived</b>
		</field>
		<field>
			<a key="key3">this</a>
			<b>netAmount</b>
		</field>
		<field>
			<a key="key4">this</a>
			<b>transferCharge</b>
		</field>
	</mapping>

	<!-- Ulip Mapping Ends -->
	
	<!-- payonline start -->
	
	<mapping>
		<class-a>java.util.HashMap</class-a>
		<class-b>com.qc.api.response.payonline.PayLoadResPayonline</class-b>
		<field>
			<a key="key0">this</a>
			<b>policyNo</b>
		</field>
		<field>
			<a key="key1">this</a>
			<b>planName</b>
		</field>
		<field>
			<a key="key2">this</a>
			<b>planType</b>
		</field>
		<field>
			<a key="key3">this</a>
			<b>policyHolderName</b>
		</field>
		<field>
			<a key="key4">this</a>
			<b>policyStatusCd</b>
		</field>
		<field>
			<a key="key5">this</a>
			<b>policyStatusDesc</b>
		</field>
		<field>
			<a key="key6">this</a>
			<b>dueAmount</b>
		</field>
		<field>
			<a key="key7">this</a>
			<b>dueDate</b>
		</field>
		<field>
			<a key="key8">this</a>
			<b>modeOfPayment</b>
		</field>
		<field>
			<a key="key9">this</a>
			<b>saveMoreOptionFlag</b>
		</field>
		<field>
			<a key="key10">this</a>
			<b>policyLapseFlag</b>
		</field>
		<field>
			<a key="key11">this</a>
			<b>postLapseFlag</b>
		</field>
		<field>
			<a key="key12">this</a>
			<b>revivalDueDate</b>
		</field>
		<field>
			<a key="key13">this</a>
			<b>mobileNo</b>
		</field>
		<field>
			<a key="key14">this</a>
			<b>aadhaarNumber</b>
		</field>
		<!-- <field>
			<a key="key15">this</a>
			<b>dob</b>
		</field> -->
		<field>
			<a key="key16">this</a>
			<b>emailId</b>
		</field>
		<field>
			<a key="key17">this</a>
			<b>isEligibleForLoan</b>
		</field>
		<field>
			<a key="key18">this</a>
			<b>loanAmount</b>
		</field>
		<field>
			<a key="key19">this</a>
			<b>loanInterestAmount</b>
		</field>
		<field>
			<a key="key20">this</a>
			<b>eligibleLoanAmount</b>
		</field>
		<field>
			<a key="key21">this</a>
			<b>surrenderedReasonCode</b>
		</field>
		<field>
			<a key="key22">this</a>
			<b>discontinuedReasonCode</b>
		</field>
		<field>
			<a key="key23">this</a>
			<b>surrenderedReasonDesc</b>
		</field>
		<field>
			<a key="key24">this</a>
			<b>discontinuedReasonDesc</b>
		</field>
		<field>
			<a key="key25">this</a>
			<b>medicalFlag</b>
		</field>
		<field>
			<a key="key26">this</a>
			<b>clientId</b>
		</field>
		<field>
			<a key="key27">this</a>
			<b>policyInforcedDate</b>
		</field>
		<field>
			<a key="key28">this</a>
			<b>sumAssured</b>
		</field>
		<field>
			<a key="key29">this</a>
			<b>reinstatementInterestAmount</b>
		</field>
		<field>
			<a key="key30">this</a>
			<b>serviceTax</b>
		</field>
	</mapping>
	<!-- payonline ends -->


	<mapping>
		<class-a>java.util.HashMap</class-a>
		<class-b>com.qc.api.response.Preissuance.PayloadResPreissuance</class-b>
		<field>
			<a key="key0">this</a>
			<b>agentId</b>
		</field>
		<field>
			<a key="key1">this</a>
			<b>customerMobileNo</b>
		</field>
		<field>
			<a key="key2">this</a>
			<b>customerEmailID</b>
		</field>
		<field>
			<a key="key3">this</a>
			<b>planName</b>
		</field>
		<field>
			<a key="key4">this</a>
			<b>product</b>
		</field>
		<field>
			<a key="key5">this</a>
			<b>paymentMethod</b>
		</field>
		
		
		<field>
			<a key="key6">this</a>
			<b>initialPermium</b>
		</field>
		<field>
			<a key="key7">this</a>
			<b>permiumPaymentTerm</b>
		</field>
		<field>
			<a key="key8">this</a>
			<b>sumAssured</b>
		</field>
		<field>
			<a key="key9">this</a>
			<b>maturityTerm</b>
		</field>
		<field>
			<a key="key10">this</a>
			<b>negativeReason</b>
		</field>
		
	</mapping>
	<!-- for agentuliptraining details  -->
	<mapping>
		<class-a>java.util.HashMap</class-a>
		<class-b>com.qc.api.response.agentulip.AgentUlipTransaction</class-b>
		<field>
			<a key="key1">this</a>
			<b>agentCode</b>
		</field>
		<!-- <field>
			<a key="key2">this</a>
			<b>strreplytoquest</b>
		</field> -->
		<field>
			<a key="key3">this</a>
			<b>createdDate</b>
		</field>
		<field>
			<a key="key4">this</a>
			<b>updatedDate</b>
		</field>
		<field>
			<a key="key5">this</a>
			<b>expiryDate</b>
		</field>
		
	</mapping>
	
	<!-- Mapping for clientdedupe -->
	
	<mapping>
		<class-a>java.util.HashMap</class-a>
		<class-b>com.qc.api.response.clientdedupe.PayloadClientDeDupe</class-b>
		<field>
			<a key="key1">this</a>
			<b>previousPolicy</b>
		</field>
		<field>
			<a key="key0">this</a>
			<b>clientId</b>
		</field>
		<field>
			<a key="key2">this</a>
			<b>dedupeFlag</b>
		</field>
	</mapping>
	
	<!-- ClientPolicyDetailsMapping -->
	<mapping>
		<class-a>java.util.HashMap</class-a>
		<class-b>com.qc.api.response.clientPolicyDetails.PayloadResponseClientPolicyDetails</class-b>
		<field>
			<a key="key0">this</a>
			<b>policyNo</b>
		</field>
		<field>
			<a key="key1">this</a>
			<b>planCode</b>
		</field>
		<field>
			<a key="key2">this</a>
			<b>isProposer</b>
		</field>
		<field>
			<a key="key3">this</a>
			<b>isInsured</b>
		</field>
		<!-- <field>
			<a key="key4">this</a>
			<b>riderDetails</b>
		</field> -->
		<field>
			<a key="key5">this</a>
			<b>baseCoverStatusCode</b>
		</field>
		<field>
			<a key="key6">this</a>
			<b>sumAssured</b>
		</field>
		<field>
			<a key="key7">this</a>
			<b>annualPremium</b>
		</field>
		<field>
			<a key="key8">this</a>
			<b>premiumPayingTerm</b>
		</field>
		<field>
			<a key="key9">this</a>
			<b>issueDate</b>
		</field>
		<field>
			<a key="key10">this</a>
			<b>premiumPaidToDate</b>
		</field>
		<field>
			<a key="key11">this</a>
			<b>lastMedicalDate</b>
		</field>
		<field>
			<a key="key12">this</a>
			<b>lastMedicalCategoryRecd</b>
		</field>
		<field>
			<a key="key13">this</a>
			<b>atrMarked</b>
		</field>
		<field>
			<a key="key14">this</a>
			<b>transferToExternalSystemCode</b>
		</field>
		<field>
			<a key="key15">this</a>
			<b>claimPaidRequestedOnAnyPolicyCode</b>
		</field>
		<field>
			<a key="key16">this</a>
			<b>claimPaidRequestedOnAnyRiderCode</b>
		</field>
		<field>
			<a key="key17">this</a>
			<b>proposerTotalAnnualPremium</b>
		</field>
		<field>
			<a key="key18">this</a>
			<b>monthlyIncome</b>
		</field>
		<field>
			<a key="key19">this</a>
			<b>uwDecision</b>
		</field>
		<field>
			<a key="key20">this</a>
			<b>modelPremium</b>
		</field>
		<field>
			<a key="key21">this</a>
			<b>counterOfferStatus</b>
		</field>
		<field>
			<a key="key22">this</a>
			<b>channelCode</b>
		</field>
		<field>
			<a key="key23">this</a>
			<b>emrMultExtraFlatExtraCases</b>
		</field>
		<field>
			<a key="key24">this</a>
			<b>replacementSale</b>
		</field>
	</mapping>
	
	<!--Rider details -->
     <mapping>
 		<class-a>java.util.HashMap</class-a>
		<class-b>com.qc.api.response.clientPolicyDetails.RiderDetails</class-b>
		<field>
			<a key="key1">this</a>
			<b>riderCode</b>
		</field>
		<field>
			<a key="key2">this</a>
			<b>riderCoverStatusCode</b>
		</field>
		<field>
			<a key="key3">this</a>
			<b>riderSumAssured</b>
		</field>
		<field>
			<a key="key4">this</a>
			<b>termOfRider</b>
		</field>
	 </mapping>
	 
	 <!-- Mapping for allocation service start -->
	 	 <mapping>
		<class-a>java.util.HashMap</class-a>
		<class-b>com.qc.api.response.getUlipFundV2.BasicPolicyDataV2</class-b>
		<field>
			<a key="key0">this</a>
			<b>totalCharges</b>
		</field>
		<field>
			<a key="key1">this</a>
			<b>premium</b>
		</field>
		<field>
			<a key="key2">this</a>
			<b>totalPremium</b>
		</field>
		<field>
			<a key="key3">this</a>
			<b>policyNo</b>
		</field>
		<field>
			<a key="key4">this</a>
			<b>insuranceCover</b>
		</field>
		<field>
			<a key="key5">this</a>
			<b>mortalityCharges</b>
		</field>
		<field>
			<a key="key6">this</a>
			<b>portfolioValueLowerRate</b>
		</field>
		<field>
			<a key="key7">this</a>
			<b>fundsAllocated</b>
		</field>
		<field>
			<a key="key8">this</a>
			<b>premiumAllocationCharge</b>
		</field>
		<field>
			<a key="key9">this</a> 
			<b>gainLoss</b>
		</field>
		<field>
			<a key="key10">this</a>
			<b>otherCharges</b>
		</field>
		<field>
			<a key="key11">this</a>
			<b>switchCharge</b>
		</field>
		<field>
			<a key="key12">this</a>
			<b>product</b>
		</field>
		<field>
			<a key="key13">this</a>
			<b>uin</b>
		</field>
		<field>
			<a key="key14">this</a>
			<b>totalRiskPremium</b>
		</field>
		<field>
			<a key="key15">this</a>
			<b>commission</b>
		</field>
		<field>
			<a key="key16">this</a>
			<b>policyAdminstrationCharge</b>
		</field>
		<field>
			<a key="key17">this</a>
			<b>gst</b>
		</field>
		<field>
			<a key="key18">this</a>
			<b>portfolioValueUpperRate</b>
		</field>
		<field>
			<a key="key19">this</a>
			<b>taggingYear</b>
		</field>
		
	</mapping>

	<mapping>
		<class-a>java.util.HashMap</class-a>
		<class-b>com.qc.api.response.getUlipFundV2.TransactionHistoryV2</class-b>
		<field>
			<a key="key0">this</a>
			<b>noOfFreeSwitchesAvailable</b>
		</field>
		<field>
			<a key="key1">this</a>
			<b>noOfRedirections</b>
		</field>
		<field>
			<a key="key2">this</a>
			<b>policyAnniversarydate</b>
		</field>
	</mapping>

	<mapping>
		<class-a>java.util.HashMap</class-a>
		<class-b>com.qc.api.response.getUlipFundV2.SwitchHistoryV2</class-b>
		<field>
			<a key="key0">this</a>
			<b>switchYear</b>
		</field>
		<field>
			<a key="key1">this</a>
			<b>switchTranDate</b>
		</field>
		<field>
			<a key="key2">this</a>
			<b>fromFundName</b>
		</field>
		<field>
			<a key="key3">this</a>
			<b>toFundName</b>
		</field>
		<field>
			<a key="key4">this</a>
			<b>fromNav</b>
		</field>
		<field>
			<a key="key5">this</a>
			<b>toNav</b>
		</field>
		<field>
			<a key="key6">this</a>
			<b>chargePerTran</b>
		</field>
	</mapping>
	<mapping>
		<class-a>java.util.HashMap</class-a>
		<class-b>com.qc.api.response.getUlipFundV2.RedirectHistoryV2</class-b>
		<field>
			<a key="key5">this</a>
			<b>redirectTranDate</b>
		</field>
		<field>
			<a key="key1">this</a>
			<b>redirectAllocationPercentage</b>
		</field>
		<field>
			<a key="key2">this</a>
			<b>redirectFundName</b>
		</field>
		<field>
			<a key="key0">this</a>
			<b>allocationType</b>
		</field>
		<field>
			<a key="key4">this</a>
			<b>allocationFundStatus</b>
		</field>
		<field>
			<a key="key3">this</a>
			<b>coverageStatus</b>
		</field>
	</mapping>
	<mapping>
		<class-a>java.util.HashMap</class-a>
		<class-b>com.qc.api.response.getUlipFundV2.FundDetailsV2</class-b>
		<field>
			<a key="key0">this</a>
			<b>fundCode</b>
		</field>
		<field>
			<a key="key1">this</a>
			<b>fundName</b>
		</field>
		<field>
			<a key="key2">this</a>
			<b>cumulativeUnits</b>
		</field>
		<field>
			<a key="key3">this</a>
			<b>valuePerUnit</b>
		</field>
		<field>
			<a key="key4">this</a>
			<b>productValue</b>
		</field>
		<field>
			<a key="key5">this</a>
			<b>percentAllocation</b>
		</field>
		<field>
			<a key="key6">this</a>
			<b>switchInUnits</b>
		</field>
		<field>
			<a key="key7">this</a>
			<b>switchOutUnits</b>
		</field>
		<field>
			<a key="key8">this</a>
			<b>withdrawlUnits</b>
		</field>
		<field>
			<a key="key9">this</a>
			<b>totalAmountInvested</b>
		</field>
	</mapping>
	<mapping>
		<class-a>java.util.HashMap</class-a>
		<class-b>com.qc.api.response.getUlipFundV2.PremiumDepositHistoryV2</class-b>
		<field>
			<a key="key0">this</a>
			<b>premiumDepositYear</b>
		</field>
		<field>
			<a key="key1">this</a>
			<b>premiumPaymentReceivedDate</b>
		</field>
		<field>
			<a key="key2">this</a>
			<b>totalPremiumReceived</b>
		</field>
		<field>
			<a key="key3">this</a>
			<b>netAmount</b>
		</field>
		<field>
			<a key="key4">this</a>
			<b>transferCharge</b>
		</field>
	</mapping> 
	 <!-- Mapping for allocation service End-->
	 
	 
</mappings>
