<?xml version="1.0" encoding="UTF-8"?>
<beans xmlns="http://www.springframework.org/schema/beans"
	xmlns:xsi="http://www.w3.org/2001/XMLSchema-instance" 
	xmlns:int="http://www.springframework.org/schema/integration"
	xmlns:int-http="http://www.springframework.org/schema/integration/http"
	xsi:schemaLocation="
    http://www.springframework.org/schema/beans
    http://www.springframework.org/schema/beans/spring-beans.xsd
    http://www.springframework.org/schema/integration
    http://www.springframework.org/schema/integration/spring-integration.xsd
    http://www.springframework.org/schema/integration/http
    http://www.springframework.org/schema/integration/http/spring-integration-http.xsd">

	<!-- CHANNEL -->
<!-- 	<int:channel id="requestChannel" />
	<int:channel id="outputChannel" /> -->
	<int:channel id='reply.channel'>
		<int:queue capacity='10' />
	</int:channel>
	<int-http:inbound-gateway request-channel="requestChannel"
		reply-channel="outputChannel" supported-methods="GET"
		path="/welcome/{name}" payload-expression="#pathVariables.name" >

		<int-http:request-mapping consumes="application/json" produces="application/json" />
	</int-http:inbound-gateway>

     <int-http:outbound-gateway url="http://localhost:9091/create" 
      request-channel="requestChannel1" reply-channel="reply.channel" http-method="POST" reply-timeout="5000"
      expected-response-type="com.qc.springintegration.msg.Book" charset="UTF-8" >
     </int-http:outbound-gateway>
     
  <int-http:inbound-channel-adapter channel="requestChannel1" 
      status-code-expression="T(org.springframework.http.HttpStatus).NO_CONTENT" supported-methods="POST"
      path="/person" request-payload-type="com.qc.springintegration.msg.Person" >
     <int-http:request-mapping consumes="application/json" />
   </int-http:inbound-channel-adapter>
     
      <!-- <bean id="converter" class="org.springframework.http.converter.json.MappingJackson2HttpMessageConverter" />
 -->
     <int:header-enricher input-channel="requestChannel1" 
       output-channel="replyChannel1">
    <int:header name="contentType" value="application/json" overwrite="true"/>
    </int:header-enricher>
	<!-- <int:service-activator ref="welcomeEndpoint" method="get" input-channel="requestChannel" output-channel="outputChannel" /> -->

</beans>